<?xml version="1.0" encoding="UTF-8"?>
<!--

    Licensed to the Apache Software Foundation (ASF) under one
    or more contributor license agreements.  See the NOTICE file
    distributed with this work for additional information
    regarding copyright ownership.  The ASF licenses this file
    to you under the Apache License, Version 2.0 (the
    "License"); you may not use this file except in compliance
    with the License.  You may obtain a copy of the License at

      http://www.apache.org/licenses/LICENSE-2.0

    Unless required by applicable law or agreed to in writing,
    software distributed under the License is distributed on an
    "AS IS" BASIS, WITHOUT WARRANTIES OR CONDITIONS OF ANY
    KIND, either express or implied.  See the License for the
    specific language governing permissions and limitations
    under the License.

-->
<beans xmlns="http://www.springframework.org/schema/beans"
       xmlns:xsi="http://www.w3.org/2001/XMLSchema-instance"
       xmlns:jaxrs="http://cxf.apache.org/jaxrs"
       xmlns:context="http://www.springframework.org/schema/context"
       xsi:schemaLocation="http://www.springframework.org/schema/beans
                           http://www.springframework.org/schema/beans/spring-beans.xsd
                           http://cxf.apache.org/jaxrs
                           http://cxf.apache.org/schemas/jaxrs.xsd
                           http://www.springframework.org/schema/context
                           http://www.springframework.org/schema/context/spring-context.xsd">

  <import resource="classpath:META-INF/cxf/cxf.xml"/>

  <context:property-placeholder/>
  <context:annotation-config/>
  <bean class="org.springframework.web.context.support.ServletContextPropertyPlaceholderConfigurer"/>
  <bean class="org.springframework.beans.factory.config.PreferencesPlaceholderConfigurer"/>
  
  <jaxrs:server id="services" address="/" basePackages="org.apache.olingo.fit">
    <jaxrs:providers>
      <bean class="com.fasterxml.jackson.jaxrs.json.JacksonJaxbJsonProvider"/>
      <bean class="org.apache.olingo.fit.rest.OAuth2RequestFilter">
        <property name="dataProvider" ref="oauthProvider"/>
      </bean>
      <bean class="org.apache.olingo.fit.rest.ServiceNameResponseFilter"/>
    </jaxrs:providers>
  </jaxrs:server>

  <bean id="oauthProvider" class="org.apache.olingo.fit.rest.OAuth2Provider"/>    
  <bean id="authorizationService" class="org.apache.cxf.rs.security.oauth2.services.AuthorizationCodeGrantService">
    <property name="dataProvider" ref="oauthProvider"/>
  </bean>
  <bean id="accessTokenService" class="org.apache.cxf.rs.security.oauth2.services.AccessTokenService">
    <property name="dataProvider" ref="oauthProvider"/>
  </bean>  
  <bean id="oauthSecurityInterceptor" class="org.apache.olingo.fit.rest.StaticSecurityInterceptor"/>
  <jaxrs:server id="oauthServer" address="/oauth2">
    <jaxrs:serviceBeans>
      <ref bean="authorizationService"/>
      <ref bean="accessTokenService"/>
    </jaxrs:serviceBeans>
    <jaxrs:inInterceptors>
      <ref bean="oauthSecurityInterceptor"/>
    </jaxrs:inInterceptors>
    <jaxrs:providers>
      <bean class="org.apache.cxf.jaxrs.provider.JAXBElementProvider"/>
      <bean class="org.apache.cxf.rs.security.oauth2.provider.OAuthJSONProvider"/>
    </jaxrs:providers>
  </jaxrs:server>

</beans>
