<?xml version="1.0" encoding="UTF-8"?>
<project xmlns="http://maven.apache.org/POM/4.0.0" xmlns:xsi="http://www.w3.org/2001/XMLSchema-instance" xsi:schemaLocation="http://maven.apache.org/POM/4.0.0 http://maven.apache.org/maven-v4_0_0.xsd">
  <parent>
    <artifactId>odata-ext</artifactId>
    <groupId>org.apache.olingo</groupId>
    <version>4.4.0</version>
  </parent>
  <modelVersion>4.0.0</modelVersion>
  <artifactId>odata-client-android</artifactId>
  <name>${project.artifactId}</name>
  <build>
    <resources>
      <resource>
        <filtering>true</filtering>
        <directory>src/main/resources</directory>
      </resource>
      <resource>
        <directory>target/maven-shared-archive-resources</directory>
      </resource>
    </resources>
    <plugins>
      <plugin>
        <artifactId>maven-shade-plugin</artifactId>
        <executions>
          <execution>
            <phase>package</phase>
            <goals>
              <goal>shade</goal>
            </goals>
          </execution>
        </executions>
        <configuration>
          <artifactSet>
            <includes>
              <include>org.apache.olingo:odata-client-proxy</include>
              <include>org.apache.olingo:odata-client-core</include>
              <include>org.apache.olingo:odata-client-api</include>
              <include>org.apache.olingo:odata-commons-core</include>
              <include>org.apache.olingo:odata-commons-api</include>
              <include>org.apache.commons:commons-lang3</include>
              <include>org.slf4j:slf4j-api</include>
              <include>commons-io:commons-io</include>
              <include>com.fasterxml.jackson.core:jackson-core</include>
              <include>com.fasterxml.jackson.core:jackson-databind</include>
              <include>com.fasterxml.jackson.core:jackson-annotations</include>
              <include>com.fasterxml.jackson.dataformat:jackson-dataformat-xml</include>
              <include>com.fasterxml.jackson.module:jackson-module-jaxb-annotations</include>
              <include>org.codehaus.woodstox:stax2-api</include>
              <include>javax.xml.stream:stax-api</include>
              <include>com.fasterxml:aalto-xml</include>
            </includes>
          </artifactSet>
          <relocations>
            <relocation>
              <pattern>javax.xml.stream</pattern>
              <shadedPattern>org.apache.olingo.javax.xml.stream</shadedPattern>
            </relocation>
          </relocations>
          <filters>
            <filter>
              <artifact>*:*</artifact>
              <excludes>
                <exclude>META-INF/**</exclude>
              </excludes>
            </filter>
          </filters>
          <transformers>
            <transformer>
              <resource>META-INF/DEPENDENCIES</resource>
              <file>target/maven-shared-archive-resources/META-INF/DEPENDENCIES</file>
            </transformer>
            <transformer>
              <resource>META-INF/NOTICE</resource>
              <file>target/maven-shared-archive-resources/META-INF/NOTICE</file>
            </transformer>
            <transformer>
              <resource>META-INF/LICENSE</resource>
              <file>target/maven-shared-archive-resources/META-INF/LICENSE</file>
            </transformer>
          </transformers>
        </configuration>
      </plugin>
    </plugins>
  </build>
  <dependencies>
    <dependency>
      <groupId>com.google.android</groupId>
      <artifactId>android</artifactId>
      <version>4.1.1.4</version>
      <scope>provided</scope>
      <exclusions>
        <exclusion>
          <artifactId>commons-logging</artifactId>
          <groupId>commons-logging</groupId>
        </exclusion>
        <exclusion>
          <artifactId>opengl-api</artifactId>
          <groupId>org.khronos</groupId>
        </exclusion>
        <exclusion>
          <artifactId>xmlParserAPIs</artifactId>
          <groupId>xerces</groupId>
        </exclusion>
        <exclusion>
          <artifactId>xpp3</artifactId>
          <groupId>xpp3</groupId>
        </exclusion>
        <exclusion>
          <artifactId>json</artifactId>
          <groupId>org.json</groupId>
        </exclusion>
      </exclusions>
    </dependency>
  </dependencies>
</project>

