{
  "@odata.context": "http://localhost:${tomcat.servlet.port}/stub/StaticService/V40/Static.svc/$metadata#People",
  "value":
          [
            {
              "@odata.type": "#Microsoft.Test.OData.Services.ODataWCFService.Customer",
              "@odata.id": "http://localhost:${tomcat.servlet.port}/stub/StaticService/V40/Static.svc/People(1)",
              "@odata.editLink": "http://localhost:${tomcat.servlet.port}/stub/StaticService/V40/Static.svc/People(1)/Microsoft.Test.OData.Services.ODataWCFService.Customer",
              "PersonID": 1,
              "FirstName": "Bob",
              "LastName": "Cat",
              "MiddleName": null,
              "HomeAddress":
                      {
                        "@odata.type": "#Microsoft.Test.OData.Services.ODataWCFService.HomeAddress",
                        "Street": "1 Microsoft Way",
                        "City": "London",
                        "PostalCode": "98052",
                        "FamilyName": "Cats"
                      },
              "Home":
                      {
                        "type": "Point",
                        "coordinates":
                                [
                                  23.1,
                                  32.1
                                ],
                        "crs":
                                {
                                  "type": "name",
                                  "properties":
                                          {
                                            "name": "EPSG:4326"
                                          }
                                }
                      },
              "Numbers":
                      [
                        "111-111-1111",
                        "012",
                        "310",
                        "bca",
                        "ayz"
                      ],
              "Emails":
                      [
                        "abc@abc.com"
                      ],
              "City": "London",
              "Birthday": "1957-04-03T00:00:00Z",
              "TimeBetweenLastTwoOrders": "PT0.0000001S"
            },
            {
              "@odata.type": "#Microsoft.Test.OData.Services.ODataWCFService.Customer",
              "@odata.id": "http://localhost:${tomcat.servlet.port}/stub/StaticService/V40/Static.svc/People(2)",
              "@odata.editLink": "http://localhost:${tomcat.servlet.port}/stub/StaticService/V40/Static.svc/People(2)/Microsoft.Test.OData.Services.ODataWCFService.Customer",
              "PersonID": 2,
              "FirstName": "Jill",
              "LastName": "Jones",
              "MiddleName": null,
              "HomeAddress": null,
              "Home":
                      {
                        "type": "Point",
                        "coordinates":
                                [
                                  161.8,
                                  15
                                ],
                        "crs":
                                {
                                  "type": "name",
                                  "properties":
                                          {
                                            "name": "EPSG:4326"
                                          }
                                }
                      },
              "Numbers":
                      [
                      ],
              "Emails":
                      [
                      ],
              "City": "Sydney",
              "Birthday": "1983-01-15T00:00:00Z",
              "TimeBetweenLastTwoOrders": "PT0.0000002S"
            }
          ]
}