{
  "@odata.context": "http://localhost:${tomcat.servlet.port}/stub/StaticService/V40/Static.svc/$metadata#Customers/$entity",
  "@odata.type": "#Microsoft.Test.OData.Services.ODataWCFService.Customer",
  "@odata.id": "http://localhost:${tomcat.servlet.port}/stub/StaticService/V40/Static.svc/Customers(PersonID=2)",
  "@odata.editLink": "http://localhost:${tomcat.servlet.port}/stub/StaticService/V40/Static.svc/Customers(PersonID=2)",
  "PersonID": 2,
  "FirstName": "Jill",
  "LastName": "Jones",
  "MiddleName": null,
  "HomeAddress": {
    "@odata.type": "#Microsoft.Test.OData.Services.ODataWCFService.Address",
    "Street": "Piazza La Bomba E Scappa",
    "City": "Tollo",
    "PostalCode": "66010"
  },
  "Home@odata.type": "#GeographyPoint",
  "Home": {
    "type": "Point",
    "coordinates": [161.8, 15.0],
    "crs": {
      "type": "name",
      "properties": {
        "name": "EPSG:4326"
      }
    }
  },
  "Numbers@odata.type": "#Collection(String)",
  "Numbers": [],
  "Emails@odata.type": "#Collection(String)",
  "Emails": [],
  "City": "Sydney",
  "Birthday@odata.type": "#DateTimeOffset",
  "Birthday": "1983-01-15T00:00:00Z",
  "TimeBetweenLastTwoOrders@odata.type": "#Duration",
  "TimeBetweenLastTwoOrders": "PT0.0000002S",
  "Parent@odata.associationLink": "http://localhost:${tomcat.servlet.port}/stub/StaticService/V40/Static.svc/Customers(PersonID=2)/Parent/$ref",
  "Parent@odata.navigationLink": "http://localhost:${tomcat.servlet.port}/stub/StaticService/V40/Static.svc/Customers(PersonID=2)/Parent",
  "Orders@odata.associationLink": "http://localhost:${tomcat.servlet.port}/stub/StaticService/V40/Static.svc/Customers(PersonID=2)/Orders/$ref",
  "Orders@odata.navigationLink": "http://localhost:${tomcat.servlet.port}/stub/StaticService/V40/Static.svc/Customers(PersonID=2)/Orders",
  "Company@odata.associationLink": "http://localhost:${tomcat.servlet.port}/stub/StaticService/V40/Static.svc/Customers(PersonID=2)/Company/$ref",
  "Company@odata.navigationLink": "http://localhost:${tomcat.servlet.port}/stub/StaticService/V40/Static.svc/Customers(PersonID=2)/Company",
  "#Microsoft.Test.OData.Services.ODataWCFService.ResetAddress": {
    "title": "Microsoft.Test.OData.Services.ODataWCFService.ResetAddress",
    "target": "http://localhost:${tomcat.servlet.port}/stub/StaticService/V40/Static.svc/Customers(PersonID=2)/Microsoft.Test.OData.Services.ODataWCFService.ResetAddress"
  },
  "#Microsoft.Test.OData.Services.ODataWCFService.GetHomeAddress": {
    "title": "Microsoft.Test.OData.Services.ODataWCFService.GetHomeAddress",
    "target": "http://localhost:${tomcat.servlet.port}/stub/StaticService/V40/Static.svc/Customers(PersonID=2)/Microsoft.Test.OData.Services.ODataWCFService.GetHomeAddress"
  }
}
