{
  "@odata.context": "http://localhost:${tomcat.servlet.port}/stub/StaticService/V40/Static.svc/$metadata#Boss",
  "@odata.type": "#Microsoft.Test.OData.Services.ODataWCFService.Customer",
  "@odata.id": "http://localhost:${tomcat.servlet.port}/stub/StaticService/V40/Static.svc/Boss",
  "@odata.editLink": "http://localhost:${tomcat.servlet.port}/stub/StaticService/V40/Static.svc/Boss/Microsoft.Test.OData.Services.ODataWCFService.Customer",
  "@Microsoft.Test.OData.Services.ODataWCFService.IsBoss": true,
  "PersonID": 2,
  "FirstName": "Jill",
  "LastName@Microsoft.Test.OData.Services.ODataWCFService.IsBoss": false,
  "LastName": "Jones",
  "MiddleName": null,
  "HomeAddress": null,
  "Home@odata.type": "#GeographyPoint",
  "Home": {
    "type": "Point",
    "coordinates": [161.8, 15.0],
    "crs": {
      "type": "name",
      "properties": {
        "name": "EPSG:4326"
      }
    }
  },
  "Numbers@odata.type": "#Collection(String)",
  "Numbers": [],
  "Emails@odata.type": "#Collection(String)",
  "Emails": [],
  "City": "Sydney",
  "Birthday@odata.type": "#DateTimeOffset",
  "Birthday": "1983-01-15T00:00:00Z",
  "TimeBetweenLastTwoOrders@odata.type": "#Duration",
  "TimeBetweenLastTwoOrders": "PT0.0000002S",
  "Parent@odata.associationLink": "http://localhost:${tomcat.servlet.port}/stub/StaticService/V40/Static.svc/Boss/Microsoft.Test.OData.Services.ODataWCFService.Customer/Parent/$ref",
  "Parent@odata.navigationLink": "http://localhost:${tomcat.servlet.port}/stub/StaticService/V40/Static.svc/Boss/Microsoft.Test.OData.Services.ODataWCFService.Customer/Parent",
  "Orders@Microsoft.Test.OData.Services.ODataWCFService.IsBoss": false,
  "Orders@odata.associationLink": "http://localhost:${tomcat.servlet.port}/stub/StaticService/V40/Static.svc/Boss/Microsoft.Test.OData.Services.ODataWCFService.Customer/Orders/$ref",
  "Orders@odata.navigationLink": "http://localhost:${tomcat.servlet.port}/stub/StaticService/V40/Static.svc/Boss/Microsoft.Test.OData.Services.ODataWCFService.Customer/Orders",
  "Company@odata.associationLink": "http://localhost:${tomcat.servlet.port}/stub/StaticService/V40/Static.svc/Boss/Microsoft.Test.OData.Services.ODataWCFService.Customer/Company/$ref",
  "Company@odata.navigationLink": "http://localhost:${tomcat.servlet.port}/stub/StaticService/V40/Static.svc/Boss/Microsoft.Test.OData.Services.ODataWCFService.Customer/Company",
  "#Microsoft.Test.OData.Services.ODataWCFService.ResetAddress": {
    "title": "Microsoft.Test.OData.Services.ODataWCFService.ResetAddress",
    "target": "http://localhost:${tomcat.servlet.port}/stub/StaticService/V40/Static.svc/Boss/Microsoft.Test.OData.Services.ODataWCFService.Customer/Microsoft.Test.OData.Services.ODataWCFService.ResetAddress"
  },
  "#Microsoft.Test.OData.Services.ODataWCFService.GetHomeAddress": {
    "title": "Microsoft.Test.OData.Services.ODataWCFService.GetHomeAddress",
    "target": "http://localhost:${tomcat.servlet.port}/stub/StaticService/V40/Static.svc/Boss/Microsoft.Test.OData.Services.ODataWCFService.Customer/Microsoft.Test.OData.Services.ODataWCFService.GetHomeAddress"
  }
}
