{
  "@odata.context": "http://localhost:${tomcat.servlet.port}/stub/StaticService/V40/Static.svc/$metadata#Accounts(101)/MyPaymentInstruments/$entity",
  "@odata.type": "#Microsoft.Test.OData.Services.ODataWCFService.PaymentInstrument",
  "@odata.id": "Accounts(101)/MyPaymentInstruments(101901)",
  "@odata.editLink": "Accounts(101)/MyPaymentInstruments(101901)",
  "PaymentInstrumentID": 101901,
  "FriendlyName": "101 first PI",
  "CreatedDate@odata.type": "#DateTimeOffset",
  "CreatedDate": "2014-04-09T00:00:00Z",
  "TheStoredPI@odata.associationLink": "http://localhost:${tomcat.servlet.port}/stub/StaticService/V40/Static.svc/Accounts(101)/MyPaymentInstruments(101901)/TheStoredPI/$ref",
  "TheStoredPI@odata.navigationLink": "http://localhost:${tomcat.servlet.port}/stub/StaticService/V40/Static.svc/Accounts(101)/MyPaymentInstruments(101901)/TheStoredPI",
  "BillingStatements@odata.associationLink": "http://localhost:${tomcat.servlet.port}/stub/StaticService/V40/Static.svc/Accounts(101)/MyPaymentInstruments(101901)/BillingStatements/$ref",
  "BillingStatements@odata.navigationLink": "http://localhost:${tomcat.servlet.port}/stub/StaticService/V40/Static.svc/Accounts(101)/MyPaymentInstruments(101901)/BillingStatements",
  "BackupStoredPI@odata.associationLink": "http://localhost:${tomcat.servlet.port}/stub/StaticService/V40/Static.svc/Accounts(101)/MyPaymentInstruments(101901)/BackupStoredPI/$ref",
  "BackupStoredPI@odata.navigationLink": "http://localhost:${tomcat.servlet.port}/stub/StaticService/V40/Static.svc/Accounts(101)/MyPaymentInstruments(101901)/BackupStoredPI"
}
