{
  "@odata.context": "http://localhost:${tomcat.servlet.port}/stub/StaticService/V40/Static.svc/$metadata#Accounts(101)/MyPaymentInstruments",
  "value": [{
      "@odata.type": "#Microsoft.Test.OData.Services.ODataWCFService.PaymentInstrument",
      "@odata.id": "Accounts(101)/MyPaymentInstruments(101901)",
      "@odata.editLink": "Accounts(101)/MyPaymentInstruments(101901)",
      "PaymentInstrumentID": 101901,
      "FriendlyName": "101 first PI",
      "CreatedDate@odata.type": "#DateTimeOffset",
      "CreatedDate": "2014-04-09T00:00:00Z",
      "TheStoredPI@odata.associationLink": "http://localhost:${tomcat.servlet.port}/stub/StaticService/V40/Static.svc/Accounts(101)/MyPaymentInstruments(101901)/TheStoredPI/$ref",
      "TheStoredPI@odata.navigationLink": "http://localhost:${tomcat.servlet.port}/stub/StaticService/V40/Static.svc/Accounts(101)/MyPaymentInstruments(101901)/TheStoredPI",
      "BillingStatements@odata.associationLink": "http://localhost:${tomcat.servlet.port}/stub/StaticService/V40/Static.svc/Accounts(101)/MyPaymentInstruments(101901)/BillingStatements/$ref",
      "BillingStatements@odata.navigationLink": "http://localhost:${tomcat.servlet.port}/stub/StaticService/V40/Static.svc/Accounts(101)/MyPaymentInstruments(101901)/BillingStatements",
      "BackupStoredPI@odata.associationLink": "http://localhost:${tomcat.servlet.port}/stub/StaticService/V40/Static.svc/Accounts(101)/MyPaymentInstruments(101901)/BackupStoredPI/$ref",
      "BackupStoredPI@odata.navigationLink": "http://localhost:${tomcat.servlet.port}/stub/StaticService/V40/Static.svc/Accounts(101)/MyPaymentInstruments(101901)/BackupStoredPI"
    }, {
      "@odata.type": "#Microsoft.Test.OData.Services.ODataWCFService.CreditCardPI",
      "@odata.id": "Accounts(101)/MyPaymentInstruments(101902)",
      "@odata.editLink": "Accounts(101)/MyPaymentInstruments(101902)/Microsoft.Test.OData.Services.ODataWCFService.CreditCardPI",
      "PaymentInstrumentID": 101902,
      "FriendlyName": "101 frist credit PI",
      "CreatedDate@odata.type": "#DateTimeOffset",
      "CreatedDate": "2012-11-01T00:00:00Z",
      "CardNumber": "6000000000000000",
      "CVV": "234",
      "HolderName": "Alex",
      "Balance": 100.0,
      "ExperationDate@odata.type": "#DateTimeOffset",
      "ExperationDate": "2022-11-01T00:00:00Z",
      "TheStoredPI@odata.associationLink": "http://localhost:${tomcat.servlet.port}/stub/StaticService/V40/Static.svc/Accounts(101)/MyPaymentInstruments(101902)/Microsoft.Test.OData.Services.ODataWCFService.CreditCardPI/TheStoredPI/$ref",
      "TheStoredPI@odata.navigationLink": "http://localhost:${tomcat.servlet.port}/stub/StaticService/V40/Static.svc/Accounts(101)/MyPaymentInstruments(101902)/Microsoft.Test.OData.Services.ODataWCFService.CreditCardPI/TheStoredPI",
      "BillingStatements@odata.associationLink": "http://localhost:${tomcat.servlet.port}/stub/StaticService/V40/Static.svc/Accounts(101)/MyPaymentInstruments(101902)/Microsoft.Test.OData.Services.ODataWCFService.CreditCardPI/BillingStatements/$ref",
      "BillingStatements@odata.navigationLink": "http://localhost:${tomcat.servlet.port}/stub/StaticService/V40/Static.svc/Accounts(101)/MyPaymentInstruments(101902)/Microsoft.Test.OData.Services.ODataWCFService.CreditCardPI/BillingStatements",
      "BackupStoredPI@odata.associationLink": "http://localhost:${tomcat.servlet.port}/stub/StaticService/V40/Static.svc/Accounts(101)/MyPaymentInstruments(101902)/Microsoft.Test.OData.Services.ODataWCFService.CreditCardPI/BackupStoredPI/$ref",
      "BackupStoredPI@odata.navigationLink": "http://localhost:${tomcat.servlet.port}/stub/StaticService/V40/Static.svc/Accounts(101)/MyPaymentInstruments(101902)/Microsoft.Test.OData.Services.ODataWCFService.CreditCardPI/BackupStoredPI",
      "CreditRecords@odata.associationLink": "http://localhost:${tomcat.servlet.port}/stub/StaticService/V40/Static.svc/Accounts(101)/MyPaymentInstruments(101902)/Microsoft.Test.OData.Services.ODataWCFService.CreditCardPI/CreditRecords/$ref",
      "CreditRecords@odata.navigationLink": "http://localhost:${tomcat.servlet.port}/stub/StaticService/V40/Static.svc/Accounts(101)/MyPaymentInstruments(101902)/Microsoft.Test.OData.Services.ODataWCFService.CreditCardPI/CreditRecords"
    }, {
      "@odata.type": "#Microsoft.Test.OData.Services.ODataWCFService.CreditCardPI",
      "@odata.id": "Accounts(101)/MyPaymentInstruments(101903)",
      "@odata.editLink": "Accounts(101)/MyPaymentInstruments(101903)/Microsoft.Test.OData.Services.ODataWCFService.CreditCardPI",
      "PaymentInstrumentID": 101903,
      "FriendlyName": "101 second credit PI",
      "CreatedDate@odata.type": "#DateTimeOffset",
      "CreatedDate": "2012-11-01T00:00:00Z",
      "CardNumber": "8000000000000000",
      "CVV": "012",
      "HolderName": "James",
      "Balance": 300.0,
      "ExperationDate@odata.type": "#DateTimeOffset",
      "ExperationDate": "2022-10-02T00:00:00Z",
      "TheStoredPI@odata.associationLink": "http://localhost:${tomcat.servlet.port}/stub/StaticService/V40/Static.svc/Accounts(101)/MyPaymentInstruments(101903)/Microsoft.Test.OData.Services.ODataWCFService.CreditCardPI/TheStoredPI/$ref",
      "TheStoredPI@odata.navigationLink": "http://localhost:${tomcat.servlet.port}/stub/StaticService/V40/Static.svc/Accounts(101)/MyPaymentInstruments(101903)/Microsoft.Test.OData.Services.ODataWCFService.CreditCardPI/TheStoredPI",
      "BillingStatements@odata.associationLink": "http://localhost:${tomcat.servlet.port}/stub/StaticService/V40/Static.svc/Accounts(101)/MyPaymentInstruments(101903)/Microsoft.Test.OData.Services.ODataWCFService.CreditCardPI/BillingStatements/$ref",
      "BillingStatements@odata.navigationLink": "http://localhost:${tomcat.servlet.port}/stub/StaticService/V40/Static.svc/Accounts(101)/MyPaymentInstruments(101903)/Microsoft.Test.OData.Services.ODataWCFService.CreditCardPI/BillingStatements",
      "BackupStoredPI@odata.associationLink": "http://localhost:${tomcat.servlet.port}/stub/StaticService/V40/Static.svc/Accounts(101)/MyPaymentInstruments(101903)/Microsoft.Test.OData.Services.ODataWCFService.CreditCardPI/BackupStoredPI/$ref",
      "BackupStoredPI@odata.navigationLink": "http://localhost:${tomcat.servlet.port}/stub/StaticService/V40/Static.svc/Accounts(101)/MyPaymentInstruments(101903)/Microsoft.Test.OData.Services.ODataWCFService.CreditCardPI/BackupStoredPI",
      "CreditRecords@odata.associationLink": "http://localhost:${tomcat.servlet.port}/stub/StaticService/V40/Static.svc/Accounts(101)/MyPaymentInstruments(101903)/Microsoft.Test.OData.Services.ODataWCFService.CreditCardPI/CreditRecords/$ref",
      "CreditRecords@odata.navigationLink": "http://localhost:${tomcat.servlet.port}/stub/StaticService/V40/Static.svc/Accounts(101)/MyPaymentInstruments(101903)/Microsoft.Test.OData.Services.ODataWCFService.CreditCardPI/CreditRecords"
    }]
}
