{
  "odata.metadata": "http://localhost:${tomcat.servlet.port}/stub/StaticService/V30/OpenType.svc/$metadata#Row/@Element",
  "odata.type": "Microsoft.Test.OData.Services.OpenTypesService.Row",
  "odata.id": "http://localhost:${tomcat.servlet.port}/stub/StaticService/V30/OpenType.svc/Row(guid'672b8250-1e6e-4785-80cf-b94b572e42b3')",
  "odata.editLink": "Row(guid'672b8250-1e6e-4785-80cf-b94b572e42b3')",
  "Id@odata.type": "Edm.Guid",
  "Id": "672b8250-1e6e-4785-80cf-b94b572e42b3",
  "Decimal@odata.type": "Edm.Decimal",
  "Decimal": "1.26"
}
