{
  "@odata.context": "http://localhost:${tomcat.servlet.port}/stub/StaticService/V40/Static.svc/$metadata#Customers/$entity",
  "@odata.type": "#Microsoft.Test.OData.Services.ODataWCFService.Customer",
  "@odata.id": "http://localhost:${tomcat.servlet.port}/stub/StaticService/V40/Static.svc/Customers(PersonID=1)",
  "@odata.editLink": "http://localhost:${tomcat.servlet.port}/stub/StaticService/V40/Static.svc/Customers(PersonID=1)",
  "PersonID": 1,
  "FirstName": "Bob",
  "LastName": "Cat",
  "MiddleName": null,
  "HomeAddress":
          {
            "@odata.type": "#Microsoft.Test.OData.Services.ODataWCFService.HomeAddress",
            "Street": "1 Microsoft Way",
            "City": "London",
            "PostalCode": "98052",
            "FamilyName": "Cats"
          },
  "Home@odata.type": "#GeographyPoint",
  "Home":
          {
            "type": "Point",
            "coordinates":
                    [
                      23.1,
                      32.1
                    ],
            "crs":
                    {
                      "type": "name",
                      "properties":
                              {
                                "name": "EPSG:4326"
                              }
                    }
          },
  "Numbers@odata.type": "#Collection(String)",
  "Numbers":
          [
            "111-111-1111"
          ],
  "Emails@odata.type": "#Collection(String)",
  "Emails":
          [
            "abc@abc.com"
          ],
  "City": "London",
  "Birthday@odata.type": "#DateTimeOffset",
  "Birthday": "1957-04-03T00:00:00Z",
  "TimeBetweenLastTwoOrders@odata.type": "#Duration",
  "TimeBetweenLastTwoOrders": "PT0.0000001S",
  "Parent@odata.associationLink": "http://localhost:${tomcat.servlet.port}/stub/StaticService/V40/Static.svc/Customers(PersonID=1)/Parent/$ref",
  "Parent@odata.navigationLink": "http://localhost:${tomcat.servlet.port}/stub/StaticService/V40/Static.svc/Customers(PersonID=1)/Parent",
  "Orders@odata.associationLink": "http://localhost:${tomcat.servlet.port}/stub/StaticService/V40/Static.svc/Customers(PersonID=1)/Orders/$ref",
  "Orders@odata.navigationLink": "http://localhost:${tomcat.servlet.port}/stub/StaticService/V40/Static.svc/Customers(PersonID=1)/Orders",
  "Company@odata.associationLink": "http://localhost:${tomcat.servlet.port}/stub/StaticService/V40/Static.svc/Customers(PersonID=1)/Company/$ref",
  "Company@odata.navigationLink": "http://localhost:${tomcat.servlet.port}/stub/StaticService/V40/Static.svc/Customers(PersonID=1)/Company",
  "#Microsoft.Test.OData.Services.ODataWCFService.ResetAddress":
          {
            "title": "Microsoft.Test.OData.Services.ODataWCFService.ResetAddress",
            "target": "http://localhost:${tomcat.servlet.port}/stub/StaticService/V40/Static.svc/Customers(PersonID=1)/Microsoft.Test.OData.Services.ODataWCFService.ResetAddress"
          },
  "#Microsoft.Test.OData.Services.ODataWCFService.GetHomeAddress":
          {
            "title": "Microsoft.Test.OData.Services.ODataWCFService.GetHomeAddress",
            "target": "http://localhost:${tomcat.servlet.port}/stub/StaticService/V40/Static.svc/Customers(PersonID=1)/Microsoft.Test.OData.Services.ODataWCFService.GetHomeAddress"
          }
}