{
  "@odata.context": "http://localhost:${tomcat.servlet.port}/stub/StaticService/V40/Static.svc/$metadata#Customers",
  "value":
          [
            {
              "Products@odata.navigationLink": "Products(0)",
              "Sales@odata.navigationLink": "Sales(42)"
            },
            {
              "Products@odata.navigationLink": "Products(0)",
              "Sales@odata.navigationLink": "Sales(57)"
            },
            {
              "Products@odata.navigationLink": "Products(99)",
              "Sales@odata.navigationLink": "Sales(21)"
            }
          ]
}