{
  "odata.error":
          {
            "code": "",
            "message":
                    {
                      "lang": "en-US",
                      "value": "Unsupported media type requested."
                    },
            "innererror":
                    {
                      "message": "Unsupported media type requested.",
                      "type": "Microsoft.Data.OData.ODataContentTypeException",
                      "stacktrace": " at Microsoft.Data.OData.MediaTypeUtils.GetContentTypeFromSettings(ODataMessageWriterSettings settings, ODataPayloadKind payloadKind, MediaTypeResolver mediaTypeResolver, MediaType&amp; mediaType, Encoding&amp; encoding)\n at Microsoft.Data.OData.ODataMessageWriter.EnsureODataFormatAndContentType()\n at Microsoft.Data.OData.ODataMessageWriter.SetHeaders(ODataPayloadKind payloadKind)\n at Microsoft.Data.OData.ODataUtils.SetHeadersForPayload(ODataMessageWriter messageWriter, ODataPayloadKind payloadKind)\n at System.Data.Services.ResponseContentTypeNegotiator.DetermineResponseFormat(ODataPayloadKind payloadKind, String acceptableMediaTypes, String acceptableCharSets)"
                    }
          }
}