<?xml version="1.0" encoding="utf-8"?>
<!--

    Licensed to the Apache Software Foundation (ASF) under one
    or more contributor license agreements.  See the NOTICE file
    distributed with this work for additional information
    regarding copyright ownership.  The ASF licenses this file
    to you under the Apache License, Version 2.0 (the
    "License"); you may not use this file except in compliance
    with the License.  You may obtain a copy of the License at

      http://www.apache.org/licenses/LICENSE-2.0

    Unless required by applicable law or agreed to in writing,
    software distributed under the License is distributed on an
    "AS IS" BASIS, WITHOUT WARRANTIES OR CONDITIONS OF ANY
    KIND, either express or implied.  See the License for the
    specific language governing permissions and limitations
    under the License.

-->
<m:error xmlns:m="http://schemas.microsoft.com/ado/2007/08/dataservices/metadata">
  <m:code />
  <m:message xml:lang="en-US">Unsupported media type requested.</m:message>
  <m:innererror>
    <m:message>A supported MIME type could not be found that matches the acceptable MIME types for the request. The supported type(s) 'application/atom+xml;type=feed, application/atom+xml, application/json;odata=minimalmetadata;streaming=true, application/json;odata=minimalmetadata;streaming=false, application/json;odata=minimalmetadata, application/json;odata=fullmetadata;streaming=true, application/json;odata=fullmetadata;streaming=false, application/json;odata=fullmetadata, application/json;odata=nometadata;streaming=true, application/json;odata=nometadata;streaming=false, application/json;odata=nometadata, application/json;streaming=true, application/json;streaming=false, application/json;odata=verbose, application/json' do not match any of the acceptable MIME types 'application/xml'.</m:message>
    <m:type>Microsoft.Data.OData.ODataContentTypeException</m:type>
    <m:stacktrace> at Microsoft.Data.OData.MediaTypeUtils.GetContentTypeFromSettings(ODataMessageWriterSettings settings, ODataPayloadKind payloadKind, MediaTypeResolver mediaTypeResolver, MediaType&amp; mediaType, Encoding&amp; encoding)&#xD;
      at Microsoft.Data.OData.ODataMessageWriter.EnsureODataFormatAndContentType()&#xD;
      at Microsoft.Data.OData.ODataMessageWriter.SetHeaders(ODataPayloadKind payloadKind)&#xD;
      at Microsoft.Data.OData.ODataUtils.SetHeadersForPayload(ODataMessageWriter messageWriter, ODataPayloadKind payloadKind)&#xD;
      at System.Data.Services.ResponseContentTypeNegotiator.DetermineResponseFormat(ODataPayloadKind payloadKind, String acceptableMediaTypes, String acceptableCharSets)</m:stacktrace>
  </m:innererror>
</m:error>