<?xml version="1.0" encoding="UTF-8"?>
<!--
 
      Licensed to the Apache Software Foundation (ASF) under one or more
      contributor license agreements.  See the NOTICE file distributed with
      this work for additional information regarding copyright ownership.
      The ASF licenses this file to You under the Apache License, Version 2.0
      (the "License"); you may not use this file except in compliance with
      the License.  You may obtain a copy of the License at
 
         http://www.apache.org/licenses/LICENSE-2.0
 
      Unless required by applicable law or agreed to in writing, software
      distributed under the License is distributed on an "AS IS" BASIS,
      WITHOUT WARRANTIES OR CONDITIONS OF ANY KIND, either express or implied.
      See the License for the specific language governing permissions and
      limitations under the License.
-->
<features xmlns="http://karaf.apache.org/xmlns/features/v1.0.0" name="olingo-${project.version}">

  <feature name="olingo-server" version="${project.version}" resolver="(obr)" start-level="50">
    <feature>war</feature>
    <bundle>mvn:commons-codec/commons-codec/${commons.codec.version}</bundle>
    <bundle>mvn:org.apache.commons/commons-lang3/${commons.lang3.version}</bundle>
    <bundle>mvn:org.codehaus.woodstox/stax2-api/${woodstox.stax2-api.version}</bundle>
    <bundle>mvn:com.fasterxml/aalto-xml/${aalto-xml.version}</bundle>

    <bundle>mvn:com.fasterxml.jackson.core/jackson-core/${jackson.version}</bundle>
    <bundle>mvn:com.fasterxml.jackson.core/jackson-annotations/${jackson.version}</bundle>
    <bundle>mvn:com.fasterxml.jackson.core/jackson-databind/${jackson.version}</bundle>

    <bundle>mvn:org.apache.olingo/odata-commons-api/${project.version}</bundle>
    <bundle>mvn:org.apache.olingo/odata-commons-core/${project.version}</bundle>
    <bundle>mvn:org.apache.olingo/odata-server-api/${project.version}</bundle>
    <bundle>mvn:org.apache.olingo/odata-server-core/${project.version}</bundle>
  </feature>

  <feature name="olingo-client" version="${project.version}" resolver="(obr)" start-level="50">
    <bundle>mvn:commons-codec/commons-codec/${commons.codec.version}</bundle>
    <bundle>mvn:commons-io/commons-io/${commons.io.version}</bundle>
    <bundle>mvn:org.apache.commons/commons-lang3/${commons.lang3.version}</bundle>
    <bundle>mvn:org.codehaus.woodstox/stax2-api/${woodstox.stax2-api.version}</bundle>
    <bundle>mvn:com.fasterxml/aalto-xml/${aalto-xml.version}</bundle>
    <bundle>mvn:org.apache.httpcomponents/httpcore-osgi/${hc.core.version}</bundle>
    <bundle>mvn:org.apache.httpcomponents/httpclient-osgi/${hc.client.version}</bundle>

    <bundle>mvn:com.fasterxml.jackson.core/jackson-core/${jackson.version}</bundle>
    <bundle>mvn:com.fasterxml.jackson.core/jackson-annotations/${jackson.version}</bundle>
    <bundle>mvn:com.fasterxml.jackson.core/jackson-databind/${jackson.version}</bundle>
    <bundle>mvn:com.fasterxml.jackson.module/jackson-module-jaxb-annotations/${jackson.version}</bundle>
    <bundle>mvn:com.fasterxml.jackson.dataformat/jackson-dataformat-xml/${jackson.version}</bundle>

    <bundle>mvn:org.apache.olingo/odata-commons-api/${project.version}</bundle>
    <bundle>mvn:org.apache.olingo/odata-commons-core/${project.version}</bundle>
    <bundle>mvn:org.apache.olingo/odata-client-api/${project.version}</bundle>
    <bundle>mvn:org.apache.olingo/odata-client-core/${project.version}</bundle>
  </feature>
</features>
