{
  "@odata.context": "http://localhost:${tomcat.servlet.port}/stub/StaticService/V40/Static.svc/$metadata#People",
  "value":
          [
            {
              "@odata.type": "#Microsoft.Test.OData.Services.ODataWCFService.Customer",
              "@odata.id": "http://localhost:${tomcat.servlet.port}/stub/StaticService/V40/Static.svc/People(1)",
              "@odata.editLink": "http://localhost:${tomcat.servlet.port}/stub/StaticService/V40/Static.svc/People(1)/Microsoft.Test.OData.Services.ODataWCFService.Customer",
              "PersonID": 1,
              "FirstName": "Bob",
              "LastName": "Cat",
              "MiddleName": null,
              "HomeAddress":
                      {
                        "@odata.type": "#Microsoft.Test.OData.Services.ODataWCFService.HomeAddress",
                        "Street": "1 Microsoft Way",
                        "City": "London",
                        "PostalCode": "98052",
                        "FamilyName": "Cats"
                      },
              "Home@odata.type": "#GeographyPoint",
              "Home":
                      {
                        "type": "Point",
                        "coordinates":
                                [
                                  23.1,
                                  32.1
                                ],
                        "crs":
                                {
                                  "type": "name",
                                  "properties":
                                          {
                                            "name": "EPSG:4326"
                                          }
                                }
                      },
              "Numbers@odata.type": "#Collection(String)",
              "Numbers":
                      [
                        "111-111-1111"
                      ],
              "Emails@odata.type": "#Collection(String)",
              "Emails":
                      [
                        "abc@abc.com"
                      ],
              "City": "London",
              "Birthday@odata.type": "#DateTimeOffset",
              "Birthday": "1957-04-03T00:00:00Z",
              "TimeBetweenLastTwoOrders@odata.type": "#Duration",
              "TimeBetweenLastTwoOrders": "PT0.0000001S",
              "Parent@odata.associationLink": "http://localhost:${tomcat.servlet.port}/stub/StaticService/V40/Static.svc/People(1)/Microsoft.Test.OData.Services.ODataWCFService.Customer/Parent/$ref",
              "Parent@odata.navigationLink": "http://localhost:${tomcat.servlet.port}/stub/StaticService/V40/Static.svc/People(1)/Microsoft.Test.OData.Services.ODataWCFService.Customer/Parent",
              "Orders@odata.associationLink": "http://localhost:${tomcat.servlet.port}/stub/StaticService/V40/Static.svc/People(1)/Microsoft.Test.OData.Services.ODataWCFService.Customer/Orders/$ref",
              "Orders@odata.navigationLink": "http://localhost:${tomcat.servlet.port}/stub/StaticService/V40/Static.svc/People(1)/Microsoft.Test.OData.Services.ODataWCFService.Customer/Orders",
              "Company@odata.associationLink": "http://localhost:${tomcat.servlet.port}/stub/StaticService/V40/Static.svc/People(1)/Microsoft.Test.OData.Services.ODataWCFService.Customer/Company/$ref",
              "Company@odata.navigationLink": "http://localhost:${tomcat.servlet.port}/stub/StaticService/V40/Static.svc/People(1)/Microsoft.Test.OData.Services.ODataWCFService.Customer/Company",
              "#Microsoft.Test.OData.Services.ODataWCFService.ResetAddress":
                      {
                        "title": "Microsoft.Test.OData.Services.ODataWCFService.ResetAddress",
                        "target": "http://localhost:${tomcat.servlet.port}/stub/StaticService/V40/Static.svc/People(1)/Microsoft.Test.OData.Services.ODataWCFService.Customer/Microsoft.Test.OData.Services.ODataWCFService.ResetAddress"
                      },
              "#Microsoft.Test.OData.Services.ODataWCFService.GetHomeAddress":
                      {
                        "title": "Microsoft.Test.OData.Services.ODataWCFService.GetHomeAddress",
                        "target": "http://localhost:${tomcat.servlet.port}/stub/StaticService/V40/Static.svc/People(1)/Microsoft.Test.OData.Services.ODataWCFService.Customer/Microsoft.Test.OData.Services.ODataWCFService.GetHomeAddress"
                      }
            },
            {
              "@odata.type": "#Microsoft.Test.OData.Services.ODataWCFService.Customer",
              "@odata.id": "http://localhost:${tomcat.servlet.port}/stub/StaticService/V40/Static.svc/People(2)",
              "@odata.editLink": "http://localhost:${tomcat.servlet.port}/stub/StaticService/V40/Static.svc/People(2)/Microsoft.Test.OData.Services.ODataWCFService.Customer",
              "PersonID": 2,
              "FirstName": "Jill",
              "LastName": "Jones",
              "MiddleName": null,
              "HomeAddress": null,
              "Home@odata.type": "#GeographyPoint",
              "Home":
                      {
                        "type": "Point",
                        "coordinates":
                                [
                                  161.8,
                                  15
                                ],
                        "crs":
                                {
                                  "type": "name",
                                  "properties":
                                          {
                                            "name": "EPSG:4326"
                                          }
                                }
                      },
              "Numbers@odata.type": "#Collection(String)",
              "Numbers":
                      [
                      ],
              "Emails@odata.type": "#Collection(String)",
              "Emails":
                      [
                      ],
              "City": "Sydney",
              "Birthday@odata.type": "#DateTimeOffset",
              "Birthday": "1983-01-15T00:00:00Z",
              "TimeBetweenLastTwoOrders@odata.type": "#Duration",
              "TimeBetweenLastTwoOrders": "PT0.0000002S",
              "Parent@odata.associationLink": "http://localhost:${tomcat.servlet.port}/stub/StaticService/V40/Static.svc/People(2)/Microsoft.Test.OData.Services.ODataWCFService.Customer/Parent/$ref",
              "Parent@odata.navigationLink": "http://localhost:${tomcat.servlet.port}/stub/StaticService/V40/Static.svc/People(2)/Microsoft.Test.OData.Services.ODataWCFService.Customer/Parent",
              "Orders@odata.associationLink": "http://localhost:${tomcat.servlet.port}/stub/StaticService/V40/Static.svc/People(2)/Microsoft.Test.OData.Services.ODataWCFService.Customer/Orders/$ref",
              "Orders@odata.navigationLink": "http://localhost:${tomcat.servlet.port}/stub/StaticService/V40/Static.svc/People(2)/Microsoft.Test.OData.Services.ODataWCFService.Customer/Orders",
              "Company@odata.associationLink": "http://localhost:${tomcat.servlet.port}/stub/StaticService/V40/Static.svc/People(2)/Microsoft.Test.OData.Services.ODataWCFService.Customer/Company/$ref",
              "Company@odata.navigationLink": "http://localhost:${tomcat.servlet.port}/stub/StaticService/V40/Static.svc/People(2)/Microsoft.Test.OData.Services.ODataWCFService.Customer/Company",
              "#Microsoft.Test.OData.Services.ODataWCFService.ResetAddress":
                      {
                        "title": "Microsoft.Test.OData.Services.ODataWCFService.ResetAddress",
                        "target": "http://localhost:${tomcat.servlet.port}/stub/StaticService/V40/Static.svc/People(2)/Microsoft.Test.OData.Services.ODataWCFService.Customer/Microsoft.Test.OData.Services.ODataWCFService.ResetAddress"
                      },
              "#Microsoft.Test.OData.Services.ODataWCFService.GetHomeAddress":
                      {
                        "title": "Microsoft.Test.OData.Services.ODataWCFService.GetHomeAddress",
                        "target": "http://localhost:${tomcat.servlet.port}/stub/StaticService/V40/Static.svc/People(2)/Microsoft.Test.OData.Services.ODataWCFService.Customer/Microsoft.Test.OData.Services.ODataWCFService.GetHomeAddress"
                      }
            },
            {
              "@odata.type": "#Microsoft.Test.OData.Services.ODataWCFService.Employee",
              "@odata.id": "http://localhost:${tomcat.servlet.port}/stub/StaticService/V40/Static.svc/People(3)",
              "@odata.editLink": "http://localhost:${tomcat.servlet.port}/stub/StaticService/V40/Static.svc/People(3)/Microsoft.Test.OData.Services.ODataWCFService.Employee",
              "PersonID": 3,
              "FirstName": "Jacob",
              "LastName": "Zip",
              "MiddleName": null,
              "HomeAddress":
                      {
                        "@odata.type": "#Microsoft.Test.OData.Services.ODataWCFService.Address",
                        "Street": "1 Microsoft Way",
                        "City": "Sydney",
                        "PostalCode": "98052"
                      },
              "Home@odata.type": "#GeographyPoint",
              "Home":
                      {
                        "type": "Point",
                        "coordinates":
                                [
                                  161.8,
                                  15
                                ],
                        "crs":
                                {
                                  "type": "name",
                                  "properties":
                                          {
                                            "name": "EPSG:4326"
                                          }
                                }
                      },
              "Numbers@odata.type": "#Collection(String)",
              "Numbers":
                      [
                        "333-333-3333"
                      ],
              "Emails@odata.type": "#Collection(String)",
              "Emails":
                      [
                        null
                      ],
              "DateHired@odata.type": "#DateTimeOffset",
              "DateHired": "2010-12-13T00:00:00Z",
              "Office@odata.type": "#GeographyPoint",
              "Office":
                      {
                        "type": "Point",
                        "coordinates":
                                [
                                  162,
                                  15
                                ],
                        "crs":
                                {
                                  "type": "name",
                                  "properties":
                                          {
                                            "name": "EPSG:4326"
                                          }
                                }
                      },
              "Parent@odata.associationLink": "http://localhost:${tomcat.servlet.port}/stub/StaticService/V40/Static.svc/People(3)/Microsoft.Test.OData.Services.ODataWCFService.Employee/Parent/$ref",
              "Parent@odata.navigationLink": "http://localhost:${tomcat.servlet.port}/stub/StaticService/V40/Static.svc/People(3)/Microsoft.Test.OData.Services.ODataWCFService.Employee/Parent",
              "Company@odata.associationLink": "http://localhost:${tomcat.servlet.port}/stub/StaticService/V40/Static.svc/People(3)/Microsoft.Test.OData.Services.ODataWCFService.Employee/Company/$ref",
              "Company@odata.navigationLink": "http://localhost:${tomcat.servlet.port}/stub/StaticService/V40/Static.svc/People(3)/Microsoft.Test.OData.Services.ODataWCFService.Employee/Company",
              "#Microsoft.Test.OData.Services.ODataWCFService.ResetAddress":
                      {
                        "title": "Microsoft.Test.OData.Services.ODataWCFService.ResetAddress",
                        "target": "http://localhost:${tomcat.servlet.port}/stub/StaticService/V40/Static.svc/People(3)/Microsoft.Test.OData.Services.ODataWCFService.Employee/Microsoft.Test.OData.Services.ODataWCFService.ResetAddress"
                      },
              "#Microsoft.Test.OData.Services.ODataWCFService.GetHomeAddress":
                      {
                        "title": "Microsoft.Test.OData.Services.ODataWCFService.GetHomeAddress",
                        "target": "http://localhost:${tomcat.servlet.port}/stub/StaticService/V40/Static.svc/People(3)/Microsoft.Test.OData.Services.ODataWCFService.Employee/Microsoft.Test.OData.Services.ODataWCFService.GetHomeAddress"
                      }
            },
            {
              "@odata.type": "#Microsoft.Test.OData.Services.ODataWCFService.Employee",
              "@odata.id": "http://localhost:${tomcat.servlet.port}/stub/StaticService/V40/Static.svc/People(4)",
              "@odata.editLink": "http://localhost:${tomcat.servlet.port}/stub/StaticService/V40/Static.svc/People(4)/Microsoft.Test.OData.Services.ODataWCFService.Employee",
              "PersonID": 4,
              "FirstName": "Elmo",
              "LastName": "Rogers",
              "MiddleName": null,
              "HomeAddress": null,
              "Home@odata.type": "#GeographyPoint",
              "Home":
                      {
                        "type": "Point",
                        "coordinates":
                                [
                                  -61.8,
                                  -15
                                ],
                        "crs":
                                {
                                  "type": "name",
                                  "properties":
                                          {
                                            "name": "EPSG:4326"
                                          }
                                }
                      },
              "Numbers@odata.type": "#Collection(String)",
              "Numbers":
                      [
                        "444-444-4444",
                        "555-555-5555",
                        "666-666-6666"
                      ],
              "Emails@odata.type": "#Collection(String)",
              "Emails":
                      [
                        "def@def.org",
                        "lmn@lmn.com"
                      ],
              "DateHired@odata.type": "#DateTimeOffset",
              "DateHired": "2008-03-27T00:00:00Z",
              "Office@odata.type": "#GeographyPoint",
              "Office":
                      {
                        "type": "Point",
                        "coordinates":
                                [
                                  -62,
                                  -15
                                ],
                        "crs":
                                {
                                  "type": "name",
                                  "properties":
                                          {
                                            "name": "EPSG:4326"
                                          }
                                }
                      },
              "Parent@odata.associationLink": "http://localhost:${tomcat.servlet.port}/stub/StaticService/V40/Static.svc/People(4)/Microsoft.Test.OData.Services.ODataWCFService.Employee/Parent/$ref",
              "Parent@odata.navigationLink": "http://localhost:${tomcat.servlet.port}/stub/StaticService/V40/Static.svc/People(4)/Microsoft.Test.OData.Services.ODataWCFService.Employee/Parent",
              "Company@odata.associationLink": "http://localhost:${tomcat.servlet.port}/stub/StaticService/V40/Static.svc/People(4)/Microsoft.Test.OData.Services.ODataWCFService.Employee/Company/$ref",
              "Company@odata.navigationLink": "http://localhost:${tomcat.servlet.port}/stub/StaticService/V40/Static.svc/People(4)/Microsoft.Test.OData.Services.ODataWCFService.Employee/Company",
              "#Microsoft.Test.OData.Services.ODataWCFService.ResetAddress":
                      {
                        "title": "Microsoft.Test.OData.Services.ODataWCFService.ResetAddress",
                        "target": "http://localhost:${tomcat.servlet.port}/stub/StaticService/V40/Static.svc/People(4)/Microsoft.Test.OData.Services.ODataWCFService.Employee/Microsoft.Test.OData.Services.ODataWCFService.ResetAddress"
                      },
              "#Microsoft.Test.OData.Services.ODataWCFService.GetHomeAddress":
                      {
                        "title": "Microsoft.Test.OData.Services.ODataWCFService.GetHomeAddress",
                        "target": "http://localhost:${tomcat.servlet.port}/stub/StaticService/V40/Static.svc/People(4)/Microsoft.Test.OData.Services.ODataWCFService.Employee/Microsoft.Test.OData.Services.ODataWCFService.GetHomeAddress"
                      }
            },
            {
              "@odata.type": "#Microsoft.Test.OData.Services.ODataWCFService.Person",
              "@odata.id": "http://localhost:${tomcat.servlet.port}/stub/StaticService/V40/Static.svc/People(5)",
              "@odata.editLink": "http://localhost:${tomcat.servlet.port}/stub/StaticService/V40/Static.svc/People(5)",
              "PersonID": 5,
              "FirstName": "Peter",
              "LastName": "Bee",
              "MiddleName": null,
              "HomeAddress": null,
              "Home@odata.type": "#GeographyPoint",
              "Home":
                      {
                        "type": "Point",
                        "coordinates":
                                [
                                  -261.8,
                                  -16
                                ],
                        "crs":
                                {
                                  "type": "name",
                                  "properties":
                                          {
                                            "name": "EPSG:4326"
                                          }
                                }
                      },
              "Numbers@odata.type": "#Collection(String)",
              "Numbers":
                      [
                        "555-555-5555"
                      ],
              "Emails@odata.type": "#Collection(String)",
              "Emails":
                      [
                        "def@test.msn"
                      ],
              "Parent@odata.associationLink": "http://localhost:${tomcat.servlet.port}/stub/StaticService/V40/Static.svc/People(5)/Parent/$ref",
              "Parent@odata.navigationLink": "http://localhost:${tomcat.servlet.port}/stub/StaticService/V40/Static.svc/People(5)/Parent",
              "#Microsoft.Test.OData.Services.ODataWCFService.ResetAddress":
                      {
                        "title": "Microsoft.Test.OData.Services.ODataWCFService.ResetAddress",
                        "target": "http://localhost:${tomcat.servlet.port}/stub/StaticService/V40/Static.svc/People(5)/Microsoft.Test.OData.Services.ODataWCFService.ResetAddress"
                      },
              "#Microsoft.Test.OData.Services.ODataWCFService.GetHomeAddress":
                      {
                        "title": "Microsoft.Test.OData.Services.ODataWCFService.GetHomeAddress",
                        "target": "http://localhost:${tomcat.servlet.port}/stub/StaticService/V40/Static.svc/People(5)/Microsoft.Test.OData.Services.ODataWCFService.GetHomeAddress"
                      }
            }
          ],
  "odata.nextLink": "People?$skiptoken=5"
}