<?xml version="1.0" encoding="utf-8"?>
<!--

    Licensed to the Apache Software Foundation (ASF) under one
    or more contributor license agreements.  See the NOTICE file
    distributed with this work for additional information
    regarding copyright ownership.  The ASF licenses this file
    to you under the Apache License, Version 2.0 (the
    "License"); you may not use this file except in compliance
    with the License.  You may obtain a copy of the License at

      http://www.apache.org/licenses/LICENSE-2.0

    Unless required by applicable law or agreed to in writing,
    software distributed under the License is distributed on an
    "AS IS" BASIS, WITHOUT WARRANTIES OR CONDITIONS OF ANY
    KIND, either express or implied.  See the License for the
    specific language governing permissions and limitations
    under the License.

-->
<feed xml:base="http://localhost:${tomcat.servlet.port}/stub/StaticService/V40/Static.svc/" 
      xmlns="http://www.w3.org/2005/Atom" xmlns:d="http://docs.oasis-open.org/odata/ns/data" 
      xmlns:m="http://docs.oasis-open.org/odata/ns/metadata" 
      xmlns:georss="http://www.georss.org/georss" 
      xmlns:gml="http://www.opengis.net/gml" 
      m:context="http://localhost:${tomcat.servlet.port}/stub/StaticService/V40/Static.svc/$metadata#People">
  <id>http://localhost:${tomcat.servlet.port}/stub/StaticService/V40/Static.svc/People</id>
  <title />
  <updated>2014-03-20T14:31:00Z</updated>
  <entry>
    <id>http://localhost:${tomcat.servlet.port}/stub/StaticService/V40/Static.svc/People(1)</id>
    <category term="#Microsoft.Test.OData.Services.ODataWCFService.Customer" scheme="http://docs.oasis-open.org/odata/ns/scheme" />
    <link rel="edit" href="http://localhost:${tomcat.servlet.port}/stub/StaticService/V40/Static.svc/People(1)/Microsoft.Test.OData.Services.ODataWCFService.Customer" />
    <link rel="http://docs.oasis-open.org/odata/ns/related/Parent" type="application/atom+xml;type=entry" title="Parent" href="http://localhost:${tomcat.servlet.port}/stub/StaticService/V40/Static.svc/People(1)/Microsoft.Test.OData.Services.ODataWCFService.Customer/Parent" />
    <link rel="http://docs.oasis-open.org/odata/ns/related/Orders" type="application/atom+xml;type=feed" title="Orders" href="http://localhost:${tomcat.servlet.port}/stub/StaticService/V40/Static.svc/People(1)/Microsoft.Test.OData.Services.ODataWCFService.Customer/Orders" />
    <link rel="http://docs.oasis-open.org/odata/ns/related/Company" type="application/atom+xml;type=entry" title="Company" href="http://localhost:${tomcat.servlet.port}/stub/StaticService/V40/Static.svc/People(1)/Microsoft.Test.OData.Services.ODataWCFService.Customer/Company" />
    <title />
    <updated>2014-03-20T14:31:00Z</updated>
    <author>
      <name />
    </author>
    <content type="application/xml">
      <m:properties>
        <d:PersonID m:type="Int32">1</d:PersonID>
        <d:FirstName>Bob</d:FirstName>
        <d:LastName>Cat</d:LastName>
        <d:MiddleName m:null="true" />
        <d:HomeAddress m:type="#Microsoft.Test.OData.Services.ODataWCFService.HomeAddress">
          <d:Street>1 Microsoft Way</d:Street>
          <d:City>London</d:City>
          <d:PostalCode>98052</d:PostalCode>
          <d:FamilyName>Cats</d:FamilyName>
        </d:HomeAddress>
        <d:Home m:type="GeographyPoint">
          <gml:Point gml:srsName="http://www.opengis.net/def/crs/EPSG/0/4326">
            <gml:pos>32.1 23.1</gml:pos>
          </gml:Point>
        </d:Home>
        <d:Numbers m:type="#Collection(String)">
          <m:element>111-111-1111</m:element>
        </d:Numbers>
        <d:Emails m:type="#Collection(String)">
          <m:element>abc@abc.com</m:element>
        </d:Emails>
        <d:City>London</d:City>
        <d:Birthday m:type="DateTimeOffset">1957-04-03T00:00:00Z</d:Birthday>
        <d:TimeBetweenLastTwoOrders m:type="Duration">PT0.0000001S</d:TimeBetweenLastTwoOrders>
      </m:properties>
    </content>
  </entry>
  <entry>
    <id>http://localhost:${tomcat.servlet.port}/stub/StaticService/V40/Static.svc/People(2)</id>
    <category term="#Microsoft.Test.OData.Services.ODataWCFService.Customer" scheme="http://docs.oasis-open.org/odata/ns/scheme" />
    <link rel="edit" href="http://localhost:${tomcat.servlet.port}/stub/StaticService/V40/Static.svc/People(2)/Microsoft.Test.OData.Services.ODataWCFService.Customer" />
    <link rel="http://docs.oasis-open.org/odata/ns/related/Parent" type="application/atom+xml;type=entry" title="Parent" href="http://localhost:${tomcat.servlet.port}/stub/StaticService/V40/Static.svc/People(2)/Microsoft.Test.OData.Services.ODataWCFService.Customer/Parent" />
    <link rel="http://docs.oasis-open.org/odata/ns/related/Orders" type="application/atom+xml;type=feed" title="Orders" href="http://localhost:${tomcat.servlet.port}/stub/StaticService/V40/Static.svc/People(2)/Microsoft.Test.OData.Services.ODataWCFService.Customer/Orders" />
    <link rel="http://docs.oasis-open.org/odata/ns/related/Company" type="application/atom+xml;type=entry" title="Company" href="http://localhost:${tomcat.servlet.port}/stub/StaticService/V40/Static.svc/People(2)/Microsoft.Test.OData.Services.ODataWCFService.Customer/Company" />
    <title />
    <updated>2014-03-20T14:31:00Z</updated>
    <author>
      <name />
    </author>
    <content type="application/xml">
      <m:properties>
        <d:PersonID m:type="Int32">2</d:PersonID>
        <d:FirstName>Jill</d:FirstName>
        <d:LastName>Jones</d:LastName>
        <d:MiddleName m:null="true" />
        <d:HomeAddress m:null="true" />
        <d:Home m:type="GeographyPoint">
          <gml:Point gml:srsName="http://www.opengis.net/def/crs/EPSG/0/4326">
            <gml:pos>15 161.8</gml:pos>
          </gml:Point>
        </d:Home>
        <d:Numbers m:type="#Collection(String)" />
        <d:Emails m:type="#Collection(String)" />
        <d:City>Sydney</d:City>
        <d:Birthday m:type="DateTimeOffset">1983-01-15T00:00:00Z</d:Birthday>
        <d:TimeBetweenLastTwoOrders m:type="Duration">PT0.0000002S</d:TimeBetweenLastTwoOrders>
      </m:properties>
    </content>
  </entry>
  <entry>
    <id>http://localhost:${tomcat.servlet.port}/stub/StaticService/V40/Static.svc/People(3)</id>
    <category term="#Microsoft.Test.OData.Services.ODataWCFService.Employee" scheme="http://docs.oasis-open.org/odata/ns/scheme" />
    <link rel="edit" href="http://localhost:${tomcat.servlet.port}/stub/StaticService/V40/Static.svc/People(3)/Microsoft.Test.OData.Services.ODataWCFService.Employee" />
    <link rel="http://docs.oasis-open.org/odata/ns/related/Parent" type="application/atom+xml;type=entry" title="Parent" href="http://localhost:${tomcat.servlet.port}/stub/StaticService/V40/Static.svc/People(3)/Microsoft.Test.OData.Services.ODataWCFService.Employee/Parent" />
    <link rel="http://docs.oasis-open.org/odata/ns/related/Company" type="application/atom+xml;type=entry" title="Company" href="http://localhost:${tomcat.servlet.port}/stub/StaticService/V40/Static.svc/People(3)/Microsoft.Test.OData.Services.ODataWCFService.Employee/Company" />
    <title />
    <updated>2014-03-20T14:31:00Z</updated>
    <author>
      <name />
    </author>
    <content type="application/xml">
      <m:properties>
        <d:PersonID m:type="Int32">3</d:PersonID>
        <d:FirstName>Jacob</d:FirstName>
        <d:LastName>Zip</d:LastName>
        <d:MiddleName m:null="true" />
        <d:HomeAddress m:type="#Microsoft.Test.OData.Services.ODataWCFService.Address">
          <d:Street>1 Microsoft Way</d:Street>
          <d:City>Sydney</d:City>
          <d:PostalCode>98052</d:PostalCode>
        </d:HomeAddress>
        <d:Home m:type="GeographyPoint">
          <gml:Point gml:srsName="http://www.opengis.net/def/crs/EPSG/0/4326">
            <gml:pos>15 161.8</gml:pos>
          </gml:Point>
        </d:Home>
        <d:Numbers m:type="#Collection(String)">
          <m:element>333-333-3333</m:element>
        </d:Numbers>
        <d:Emails m:type="#Collection(String)">
          <m:element m:null="true" />
        </d:Emails>
        <d:DateHired m:type="DateTimeOffset">2010-12-13T00:00:00Z</d:DateHired>
        <d:Office m:type="GeographyPoint">
          <gml:Point gml:srsName="http://www.opengis.net/def/crs/EPSG/0/4326">
            <gml:pos>15 162</gml:pos>
          </gml:Point>
        </d:Office>
      </m:properties>
    </content>
  </entry>
  <entry>
    <id>http://localhost:${tomcat.servlet.port}/stub/StaticService/V40/Static.svc/People(4)</id>
    <category term="#Microsoft.Test.OData.Services.ODataWCFService.Employee" scheme="http://docs.oasis-open.org/odata/ns/scheme" />
    <link rel="edit" href="http://localhost:${tomcat.servlet.port}/stub/StaticService/V40/Static.svc/People(4)/Microsoft.Test.OData.Services.ODataWCFService.Employee" />
    <link rel="http://docs.oasis-open.org/odata/ns/related/Parent" type="application/atom+xml;type=entry" title="Parent" href="http://localhost:${tomcat.servlet.port}/stub/StaticService/V40/Static.svc/People(4)/Microsoft.Test.OData.Services.ODataWCFService.Employee/Parent" />
    <link rel="http://docs.oasis-open.org/odata/ns/related/Company" type="application/atom+xml;type=entry" title="Company" href="http://localhost:${tomcat.servlet.port}/stub/StaticService/V40/Static.svc/People(4)/Microsoft.Test.OData.Services.ODataWCFService.Employee/Company" />
    <title />
    <updated>2014-03-20T14:31:00Z</updated>
    <author>
      <name />
    </author>
    <content type="application/xml">
      <m:properties>
        <d:PersonID m:type="Int32">4</d:PersonID>
        <d:FirstName>Elmo</d:FirstName>
        <d:LastName>Rogers</d:LastName>
        <d:MiddleName m:null="true" />
        <d:HomeAddress m:null="true" />
        <d:Home m:type="GeographyPoint">
          <gml:Point gml:srsName="http://www.opengis.net/def/crs/EPSG/0/4326">
            <gml:pos>-15 -61.8</gml:pos>
          </gml:Point>
        </d:Home>
        <d:Numbers m:type="#Collection(String)">
          <m:element>444-444-4444</m:element>
          <m:element>555-555-5555</m:element>
          <m:element>666-666-6666</m:element>
        </d:Numbers>
        <d:Emails m:type="#Collection(String)">
          <m:element>def@def.org</m:element>
          <m:element>lmn@lmn.com</m:element>
        </d:Emails>
        <d:DateHired m:type="DateTimeOffset">2008-03-27T00:00:00Z</d:DateHired>
        <d:Office m:type="GeographyPoint">
          <gml:Point gml:srsName="http://www.opengis.net/def/crs/EPSG/0/4326">
            <gml:pos>-15 -62</gml:pos>
          </gml:Point>
        </d:Office>
      </m:properties>
    </content>
  </entry>
  <entry>
    <id>http://localhost:${tomcat.servlet.port}/stub/StaticService/V40/Static.svc/People(5)</id>
    <category term="#Microsoft.Test.OData.Services.ODataWCFService.Person" scheme="http://docs.oasis-open.org/odata/ns/scheme" />
    <link rel="edit" href="http://localhost:${tomcat.servlet.port}/stub/StaticService/V40/Static.svc/People(5)" />
    <link rel="http://docs.oasis-open.org/odata/ns/related/Parent" type="application/atom+xml;type=entry" title="Parent" href="http://localhost:${tomcat.servlet.port}/stub/StaticService/V40/Static.svc/People(5)/Parent" />
    <title />
    <updated>2014-03-20T14:31:00Z</updated>
    <author>
      <name />
    </author>
    <content type="application/xml">
      <m:properties>
        <d:PersonID m:type="Int32">5</d:PersonID>
        <d:FirstName>Peter</d:FirstName>
        <d:LastName>Bee</d:LastName>
        <d:MiddleName m:null="true" />
        <d:HomeAddress m:null="true" />
        <d:Home m:type="GeographyPoint">
          <gml:Point gml:srsName="http://www.opengis.net/def/crs/EPSG/0/4326">
            <gml:pos>-16 -261.8</gml:pos>
          </gml:Point>
        </d:Home>
        <d:Numbers m:type="#Collection(String)">
          <m:element>555-555-5555</m:element>
        </d:Numbers>
        <d:Emails m:type="#Collection(String)">
          <m:element>def@test.msn</m:element>
        </d:Emails>
      </m:properties>
    </content>
  </entry>
  <link rel="next" href="http://localhost:${tomcat.servlet.port}/stub/StaticService/V40/Static.svc/People?$skiptoken=5"/>
</feed>