{
  "@odata.context": "http://localhost:${tomcat.servlet.port}/stub/StaticService/V40/Static.svc/$metadata#Products/$entity",
  "@odata.type": "#Microsoft.Test.OData.Services.ODataWCFService.Product",
  "@odata.id": "http://localhost:${tomcat.servlet.port}/stub/StaticService/V40/Static.svc/Products(5)",
  "@odata.editLink": "http://localhost:${tomcat.servlet.port}/stub/StaticService/V40/Static.svc/Products(5)",
  "ProductID": 5,
  "Name": "Cheetos",
  "QuantityPerUnit": "100g Bag",
  "UnitPrice@odata.type": "#Single",
  "UnitPrice": 3.24,
  "QuantityInStock": 100,
  "Discontinued": true,
  "UserAccess@odata.type": "#Microsoft.Test.OData.Services.ODataWCFService.AccessLevel",
  "UserAccess": "None",
  "SkinColor@odata.type": "#Microsoft.Test.OData.Services.ODataWCFService.Color",
  "SkinColor": "Red",
  "CoverColors@odata.type": "#Collection(Microsoft.Test.OData.Services.ODataWCFService.Color)",
  "CoverColors": ["Green", "Blue", "Blue"],
  "Details@odata.associationLink": "http://localhost:${tomcat.servlet.port}/stub/StaticService/V40/Static.svc/Products(5)/Details/$ref",
  "Details@odata.navigationLink": "http://localhost:${tomcat.servlet.port}/stub/StaticService/V40/Static.svc/Products(5)/Details",
  "#Microsoft.Test.OData.Services.ODataWCFService.AddAccessRight": {
    "title": "Microsoft.Test.OData.Services.ODataWCFService.AddAccessRight",
    "target": "http://localhost:${tomcat.servlet.port}/stub/StaticService/V40/Static.svc/Products(5)/Microsoft.Test.OData.Services.ODataWCFService.AddAccessRight"
  },
  "#Microsoft.Test.OData.Services.ODataWCFService.GetProductDetails": {
    "title": "Microsoft.Test.OData.Services.ODataWCFService.GetProductDetails",
    "target": "http://localhost:${tomcat.servlet.port}/stub/StaticService/V40/Static.svc/Products(5)/Microsoft.Test.OData.Services.ODataWCFService.GetProductDetails"
  }
}
