{
  "@odata.context": "http://localhost:${tomcat.servlet.port}/stub/StaticService/V40/Static.svc/$metadata#People",
  "value":
          [
            {
              "@odata.type": "#Microsoft.Test.OData.Services.ODataWCFService.Person",
              "@odata.id": "http://localhost:${tomcat.servlet.port}/stub/StaticService/V40/Static.svc/People(6)",
              "@odata.editLink": "http://localhost:${tomcat.servlet.port}/stub/StaticService/V40/Static.svc/People(6)",
              "PersonID": 6,
              "FirstName": "Peter",
              "LastName": "Bee",
              "MiddleName": null,
              "HomeAddress": null,
              "Home@odata.type": "#GeographyPoint",
              "Home":
                      {
                        "type": "Point",
                        "coordinates":
                                [
                                  -261.8,
                                  -16
                                ],
                        "crs":
                                {
                                  "type": "name",
                                  "properties":
                                          {
                                            "name": "EPSG:4326"
                                          }
                                }
                      },
              "Numbers@odata.type": "#Collection(String)",
              "Numbers":
                      [
                        "555-555-5555"
                      ],
              "Emails@odata.type": "#Collection(String)",
              "Emails":
                      [
                        "def@test.msn"
                      ],
              "Parent@odata.associationLink": "http://localhost:${tomcat.servlet.port}/stub/StaticService/V40/Static.svc/People(5)/Parent/$ref",
              "Parent@odata.navigationLink": "http://localhost:${tomcat.servlet.port}/stub/StaticService/V40/Static.svc/People(5)/Parent",
              "#Microsoft.Test.OData.Services.ODataWCFService.ResetAddress":
                      {
                        "title": "Microsoft.Test.OData.Services.ODataWCFService.ResetAddress",
                        "target": "http://localhost:${tomcat.servlet.port}/stub/StaticService/V40/Static.svc/People(5)/Microsoft.Test.OData.Services.ODataWCFService.ResetAddress"
                      },
              "#Microsoft.Test.OData.Services.ODataWCFService.GetHomeAddress":
                      {
                        "title": "Microsoft.Test.OData.Services.ODataWCFService.GetHomeAddress",
                        "target": "http://localhost:${tomcat.servlet.port}/stub/StaticService/V40/Static.svc/People(5)/Microsoft.Test.OData.Services.ODataWCFService.GetHomeAddress"
                      }
            }
          ]
}